id,file_no,category,created_at,updated_at
419,MSB/CB/A-1,DSI Corrrespondence,2025-08-18 01:44:36.819+05:30,2025-08-18 01:44:36.819+05:30
420,MSB/CB/A-3/3(A),Sinlung Hills Development Council/All Party Leaders Committee(APLC)/SHC,2025-08-18 01:44:36.819+05:30,2025-08-18 01:44:36.819+05:30
421,MSB/CB/A-4,Detection and Deportation of Foreigner,2025-08-18 01:44:36.819+05:30,2025-08-18 01:44:36.819+05:30
422,MSB/CB/A-5,Indo-Myanmar Border Affairs(Intelligence),2025-08-18 01:44:36.819+05:30,2025-08-18 01:44:36.819+05:30
423,MSB/CB/A-7,Enquiry against Police Officers & men,2025-08-18 01:44:36.819+05:30,2025-08-18 01:44:36.819+05:30
424,MSB/CB/A-8,Election Commission/Central Election,2025-08-18 01:44:36.819+05:30,2025-08-18 01:44:36.819+05:30
425,MSB/CB/A-9,"Communal Riot, etc",2025-08-18 01:44:36.819+05:30,2025-08-18 01:44:36.819+05:30
426,MSB/CB/A-10,Kidnapping/Abduction,2025-08-18 01:44:36.819+05:30,2025-08-18 01:44:36.819+05:30
427,MSB/CB/A-11,Sensitive/Hyper Sensitive pockets,2025-08-18 01:44:36.819+05:30,2025-08-18 01:44:36.819+05:30
428,MSB/CB/A-13,Law and Order,2025-08-18 01:44:36.819+05:30,2025-08-18 01:44:36.819+05:30
429,MSB/CB/A-14,Security threat perception transfer to B-19(A),2025-08-18 01:44:36.819+05:30,2025-08-18 01:44:36.819+05:30
430,MSB/CB/A-19,Meeting of DGP/IGP/DIG/SP/Governor Confidential Report,2025-08-18 01:44:36.819+05:30,2025-08-18 01:44:36.819+05:30
431,MSB/CB/A-20(A),Explosive recoveries/Bomb Explosion (Monthly Return),2025-08-18 01:44:36.819+05:30,2025-08-18 01:44:36.819+05:30
432,MSB/CB/A-21,Mizoram-Manipur Border/Paite Refugee,2025-08-18 01:44:36.819+05:30,2025-08-18 01:44:36.819+05:30
433,MSB/CB/A-23,Press clipping,2025-08-18 01:44:36.819+05:30,2025-08-18 01:44:36.819+05:30
434,MSB/CB/A-24,Detailment Order,2025-08-18 01:44:36.819+05:30,2025-08-18 01:44:36.819+05:30
435,MSB/CB/A-25,Vanawia Group (Closed),2025-08-18 01:44:36.819+05:30,2025-08-18 01:44:36.819+05:30
436,MSB/CB/A-27,News Letter (Mizoram Police),2025-08-18 01:44:36.819+05:30,2025-08-18 01:44:36.819+05:30
437,MSB/CB/A-29,Operation party killed 4(four) at Tipaimukh,2025-08-18 01:44:36.819+05:30,2025-08-18 01:44:36.819+05:30
438,MSB/CB/A-34,Bangladesh Rifles Activities/BGB,2025-08-18 01:44:36.819+05:30,2025-08-18 01:44:36.819+05:30
439,MSB/CB/A-35,Myanmar/Bangladesh Border Incident,2025-08-18 01:44:36.819+05:30,2025-08-18 01:44:36.819+05:30
440,MSB/CB/A-37,Lengpui Airport Corr. tranfer to D-2(A),2025-08-18 01:44:36.819+05:30,2025-08-18 01:44:36.819+05:30
441,MSB/CB/A-40,Special Task Force Corr. (Joint Task Force on Intl.) JTFI,2025-08-18 01:44:36.819+05:30,2025-08-18 01:44:36.819+05:30
442,MSB/CB/A-41,Indo Bangladesh Affairs,2025-08-18 01:44:36.819+05:30,2025-08-18 01:44:36.819+05:30
443,MSB/CB/A-42(B),Vehicle/Highway Robbery/Gold Bar,2025-08-18 01:44:36.819+05:30,2025-08-18 01:44:36.819+05:30
444,MSB/CB/A-43,Union Public Service Commission(UPSC) Examination affairs,2025-08-18 01:44:36.819+05:30,2025-08-18 01:44:36.819+05:30
445,MSB/CB/A-45,All India Security Suspected (AISS),2025-08-18 01:44:36.819+05:30,2025-08-18 01:44:36.819+05:30
446,MSB/CB/A-46,RAP/ILP,2025-08-18 01:44:36.819+05:30,2025-08-18 01:44:36.819+05:30
447,MSB/CB/A-50,AR Incident,2025-08-18 01:44:36.819+05:30,2025-08-18 01:44:36.819+05:30
448,MSB/CB/A-51,Misunderstanding between AR/CID(SB)/MRP/Civilian,2025-08-18 01:44:36.819+05:30,2025-08-18 01:44:36.819+05:30
449,MSB/CB/A-53,ARSON/Fire burning incident,2025-08-18 01:44:36.819+05:30,2025-08-18 01:44:36.819+05:30
450,MSB/CB/A-54,Burma Refugees,2025-08-18 01:44:36.819+05:30,2025-08-18 01:44:36.819+05:30
451,MSB/CB/A-56(A),Demcratic Party of Arakan(DPA),2025-08-18 01:44:36.819+05:30,2025-08-18 01:44:36.819+05:30
452,MSB/CB/A-59,Arakan Liberation Party(ALP)/Arakan Liberation Army(ALA)/Arakan Army(AA),2025-08-18 01:44:36.819+05:30,2025-08-18 01:44:36.819+05:30
453,MSB/CB/A-60,Chin Revolutionary Front,2025-08-18 01:44:36.819+05:30,2025-08-18 01:44:36.819+05:30
454,MSB/CB/A-62,Chin National Front(CNF)/Chin National Army(CNA),2025-08-18 01:44:36.819+05:30,2025-08-18 01:44:36.819+05:30
455,MSB/CB/A-62(A),Mara National Liberation Council,2025-08-18 01:44:36.819+05:30,2025-08-18 01:44:36.819+05:30
456,MSB/CB/A-75,Chin National Council(CNC),2025-08-18 01:44:36.819+05:30,2025-08-18 01:44:36.819+05:30
457,MSB/CB/A-75(B),Chin National Confederation,2025-08-18 01:44:36.819+05:30,2025-08-18 01:44:36.819+05:30
458,MSB/CB/A-76(A),PCJSS/Santi Bahini,2025-08-18 01:44:36.819+05:30,2025-08-18 01:44:36.819+05:30
459,MSB/CB/A-78,Santi Bahini,2025-08-18 01:44:36.819+05:30,2025-08-18 01:44:36.819+05:30
460,MSB/CB/A-78(A),United  people Democratic Front(UPDF) (Chakma Insurgent),2025-08-18 01:44:36.819+05:30,2025-08-18 01:44:36.819+05:30
461,MSB/CB/A-84,Achievements of CID(SB),2025-08-18 01:44:36.819+05:30,2025-08-18 01:44:36.819+05:30
462,MSB/CB/A-86(I),MP Election,2025-08-18 01:44:36.819+05:30,2025-08-18 01:44:36.819+05:30
463,MSB/CB/A-86(II),Assessment on MP/MLA Election,2025-08-18 01:44:36.819+05:30,2025-08-18 01:44:36.819+05:30
464,MSB/CB/A-86(III),Election,2025-08-18 01:44:36.819+05:30,2025-08-18 01:44:36.819+05:30
465,MSB/CB/A-86(IV),Election Result,2025-08-18 01:44:36.819+05:30,2025-08-18 01:44:36.819+05:30
466,MSB/CB/A-86(V),"Daily activity report on seizure of Narcotic drugs,Arms, explosive etc ICW Mizoram legislative Assembly 2018",2025-08-18 01:44:36.819+05:30,2025-08-18 01:44:36.819+05:30
467,MSB/CB/A-87,Communication Guideline,2025-08-18 01:44:36.819+05:30,2025-08-18 01:44:36.819+05:30
468,MSB/CB/A-88,Restructuring and strengthening of State Unit,2025-08-18 01:44:36.819+05:30,2025-08-18 01:44:36.819+05:30
469,MSB/CB/A-88(A),NIC File(National Informatic Center),2025-08-18 01:44:36.819+05:30,2025-08-18 01:44:36.819+05:30
470,MSB/CB/A-88(B),SPO,2025-08-18 01:44:36.819+05:30,2025-08-18 01:44:36.819+05:30
471,MSB/CB/A-89,Profile of candidate of MP/MLA Election,2025-08-18 01:44:36.819+05:30,2025-08-18 01:44:36.819+05:30
472,MSB/CB/A-90,National Foundation for Communal Harmony,2025-08-18 01:44:36.819+05:30,2025-08-18 01:44:36.819+05:30
473,MSB/CB/A-99,DSI Assam,2025-08-18 01:44:36.819+05:30,2025-08-18 01:44:36.819+05:30
474,MSB/CB/A-100,DSI Meghalaya,2025-08-18 01:44:36.819+05:30,2025-08-18 01:44:36.819+05:30
475,MSB/CB/A-102,DSI Arunachal,2025-08-18 01:44:36.819+05:30,2025-08-18 01:44:36.819+05:30
476,MSB/CB/A-103,DSI Manipur,2025-08-18 01:44:36.819+05:30,2025-08-18 01:44:36.819+05:30
477,MSB/CB/A-106,DSI Delhi,2025-08-18 01:44:36.819+05:30,2025-08-18 01:44:36.819+05:30
478,MSB/CB/A-107,DSI Nagaland,2025-08-18 01:44:36.819+05:30,2025-08-18 01:44:36.819+05:30
479,MSB/CB/A-109,DSI Tripura,2025-08-18 01:44:36.819+05:30,2025-08-18 01:44:36.819+05:30
480,MSB/CB/A-111,VIP Security Intelligence Digest,2025-08-18 01:44:36.819+05:30,2025-08-18 01:44:36.819+05:30
481,MSB/CB/A-111(C),Mizoram Gazette Extra-ordinary and Notification,2025-08-18 01:44:36.819+05:30,2025-08-18 01:44:36.819+05:30
482,MSB/CB/A-112,Conference of DGP/IGP/ADGP,2025-08-18 01:44:36.819+05:30,2025-08-18 01:44:36.819+05:30
483,MSB/CB/A-112(A),Quarterly meeting on situation on Home Secy/IGP(Int) w.e.f. September 2009,2025-08-18 01:44:36.819+05:30,2025-08-18 01:44:36.819+05:30
484,MSB/CB/A-113,Tour of Bangladesh delegates,2025-08-18 01:44:36.819+05:30,2025-08-18 01:44:36.819+05:30
485,MSB/CB/A-114,Harkat-Ul-Jehad Islamic(HUJI) Bangladesh miliant,2025-08-18 01:44:36.819+05:30,2025-08-18 01:44:36.819+05:30
486,MSB/CB/A-118,Correspondence on Reng/Bru refugees/Bru repatriation,2025-08-18 01:44:36.819+05:30,2025-08-18 01:44:36.819+05:30
487,MSB/CB/A-119,Census of Bru population,2025-08-18 01:44:36.819+05:30,2025-08-18 01:44:36.819+05:30
488,MSB/CB/A-120,Declaration/proposal for unlawful activities of militant,2025-08-18 01:44:36.819+05:30,2025-08-18 01:44:36.819+05:30
489,MSB/CB/A-121,Chief Minister Conference of NE(129),2025-08-18 01:44:36.819+05:30,2025-08-18 01:44:36.819+05:30
490,MSB/CB/A-125,"Corr. on persons died due to intoxication of specious liquor, etc",2025-08-18 01:44:36.819+05:30,2025-08-18 01:44:36.819+05:30
491,MSB/CB/A-128,Governor Correspondence,2025-08-18 01:44:36.819+05:30,2025-08-18 01:44:36.819+05:30
492,MSB/CB/A-129,Minister Conference,2025-08-18 01:44:36.819+05:30,2025-08-18 01:44:36.819+05:30
493,MSB/CB/A-130,Myanmar/Bangladesh Army Instrusion,2025-08-18 01:44:36.819+05:30,2025-08-18 01:44:36.819+05:30
494,MSB/CB/A-132,Terrorist related matters,2025-08-18 01:44:36.819+05:30,2025-08-18 01:44:36.819+05:30
495,MSB/CB/A-133,MLTP Act/MLP Act,2025-08-18 01:44:36.819+05:30,2025-08-18 01:44:36.819+05:30
496,MSB/CB/A-135,Census/Population of Mizoram,2025-08-18 01:44:36.819+05:30,2025-08-18 01:44:36.819+05:30
497,MSB/CB/A-137,Recommendation on good government(group of Minister)(Lead Intelligence Agency)LIA,2025-08-18 01:44:36.819+05:30,2025-08-18 01:44:36.819+05:30
498,MSB/CB/A-139,Police  Public Interface,2025-08-18 01:44:36.819+05:30,2025-08-18 01:44:36.819+05:30
499,MSB/CB/A-140,State Level Security committee(Bank)/JERC,2025-08-18 01:44:36.819+05:30,2025-08-18 01:44:36.819+05:30
500,MSB/CB/A-141,Committee on Police reforms (Criminal Justice System),2025-08-18 01:44:36.819+05:30,2025-08-18 01:44:36.819+05:30
501,MSB/CB/A-143,Mizoram Police citizen character(Right to people and Police) prepared by Mizoram Police,2025-08-18 01:44:36.819+05:30,2025-08-18 01:44:36.819+05:30
502,MSB/CB/A-144,"Instruction/Guideline on counter insurgency duties/operation, etc",2025-08-18 01:44:36.819+05:30,2025-08-18 01:44:36.819+05:30
503,MSB/CB/A-145,National Sectoral Level meeting between India and Myanmar/Bangladesh(SLSC),2025-08-18 01:44:36.819+05:30,2025-08-18 01:44:36.819+05:30
504,MSB/CB/A-148,Fencing the Mizoram along Indo-Bangladesh Border,2025-08-18 01:44:36.819+05:30,2025-08-18 01:44:36.819+05:30
505,MSB/CB/A-149,SMAC- Subsidiary Multi Agency Centre,2025-08-18 01:44:36.819+05:30,2025-08-18 01:44:36.819+05:30
506,MSB/CB/A-151,Peace Accord/MDU,2025-08-18 01:44:36.819+05:30,2025-08-18 01:44:36.819+05:30
507,MSB/CB/A-153,Encounter between MRP/SF insurgents,2025-08-18 01:44:36.819+05:30,2025-08-18 01:44:36.819+05:30
508,MSB/CB/A-155,Quarterly FP Record Slip,2025-08-18 01:44:36.819+05:30,2025-08-18 01:44:36.819+05:30
509,MSB/CB/A-156,Translation of Local Newspapers,2025-08-18 01:44:36.819+05:30,2025-08-18 01:44:36.819+05:30
510,MSB/CB/A-157,Forthnightly Security Situation Report of Mizoram State,2025-08-18 01:44:36.819+05:30,2025-08-18 01:44:36.819+05:30
511,MSB/CB/A-158,Union Territory Demand Committee,2025-08-18 01:44:36.819+05:30,2025-08-18 01:44:36.819+05:30
512,MSB/CB/A-159,Special Cell,2025-08-18 01:44:36.819+05:30,2025-08-18 01:44:36.819+05:30
513,MSB/CB/A-20,Monthly return on Explosive recoveries & Bomb Explosion,2025-08-18 01:44:36.819+05:30,2025-08-18 01:44:36.819+05:30
514,MSB/CB/A-91,Monthly return on Action Against Persons Inciting Violence Through Speech etc.,2025-08-18 01:44:36.819+05:30,2025-08-18 01:44:36.819+05:30
515,MSB/CB/A-92,Monthly return on Detection under NSA,2025-08-18 01:44:36.819+05:30,2025-08-18 01:44:36.819+05:30
516,MSB/CB/A-94,Monthly return on Infiltration of Chakma from Bangladesh into Mizoram,2025-08-18 01:44:36.819+05:30,2025-08-18 01:44:36.819+05:30
517,MSB/CB/A-95,Monthly return on Exact numbers of Bangladesh nationals staying in Mizoram,2025-08-18 01:44:36.819+05:30,2025-08-18 01:44:36.819+05:30
518,MSB/CB/A-95(A),Monthly return on Seizure of Fake Indian Currency in Mizoram State,2025-08-18 01:44:36.819+05:30,2025-08-18 01:44:36.819+05:30
519,MSB/CB/A-96,Monthly return on Indo-Bangladesh border incident,2025-08-18 01:44:36.819+05:30,2025-08-18 01:44:36.819+05:30
520,MSB/CB/A-97,Monthly return on Illegal entrance from Bangladesh other than Chakma detected push back by the State agencies,2025-08-18 01:44:36.819+05:30,2025-08-18 01:44:36.819+05:30
521,MSB/CB/A-97(A),Monthly return on Law and Order,2025-08-18 01:44:36.819+05:30,2025-08-18 01:44:36.819+05:30
522,MSB/CB/A-97(B),Weekly report on insurgency related incidents of violence (Mizoram),2025-08-18 01:44:36.819+05:30,2025-08-18 01:44:36.819+05:30
523,MSB/CB/A-112(B),Monthly return on Conference of DGP/IGP/ADGP-2015,2025-08-18 01:44:36.819+05:30,2025-08-18 01:44:36.819+05:30
524,MSB/CB/A-112(C),Monthly return on ATR of DGP/IGP Conference,2025-08-18 01:44:36.819+05:30,2025-08-18 01:44:36.819+05:30
525,MSB/CB/A-112(D),Quarterly action taken report DGP/IGP Conference  -2018 PMs Directives,2025-08-18 01:44:36.819+05:30,2025-08-18 01:44:36.819+05:30
526,MSB/CB/A-112(E),Monthly return on ATR recommendation of DGP/IGP Conference - 2018,2025-08-18 01:44:36.819+05:30,2025-08-18 01:44:36.819+05:30
527,MSB/CB/B-2,Monthly return on Special Intelligence Report to Joint Intelligence Committee,2025-08-18 01:44:36.819+05:30,2025-08-18 01:44:36.819+05:30
528,MSB/CB/B-1/FCR,FCR on activities of insurgents students of NE States,2025-08-18 01:44:36.819+05:30,2025-08-18 01:44:36.819+05:30
529,MSB/CB/B-3,Counter Intelligence Co-ordination Conference of NE States,2025-08-18 01:44:36.819+05:30,2025-08-18 01:44:36.819+05:30
530,MSB/CB/B-4,Mizoram-Cachar Border Dispute/Boundary Committee/Boundary incidents,2025-08-18 01:44:36.819+05:30,2025-08-18 01:44:36.819+05:30
531,MSB/CB/B-5/NLFT,National Liberation Front of Tripura,2025-08-18 01:44:36.819+05:30,2025-08-18 01:44:36.819+05:30
532,MSB/CB/B-6/NEC,"NEC Meeting, Steering Committee",2025-08-18 01:44:36.819+05:30,2025-08-18 01:44:36.819+05:30
533,MSB/CB/B-9/UNLF,United National Liberation front of Manipur,2025-08-18 01:44:36.819+05:30,2025-08-18 01:44:36.819+05:30
534,MSB/CB/B-10/PREPAK,PREPAK Militant Group of Manipur,2025-08-18 01:44:36.819+05:30,2025-08-18 01:44:36.819+05:30
535,MSB/CB/B-11/NSCN,Correspondence of NSCN,2025-08-18 01:44:36.819+05:30,2025-08-18 01:44:36.819+05:30
536,MSB/CB/B-12/ULFA,Correspondence of ULFA,2025-08-18 01:44:36.819+05:30,2025-08-18 01:44:36.819+05:30
537,MSB/CB/B-13/PLA,Correspondence of PLA,2025-08-18 01:44:36.819+05:30,2025-08-18 01:44:36.819+05:30
538,MSB/CB/B-14/KNA,Kuki National Army,2025-08-18 01:44:36.819+05:30,2025-08-18 01:44:36.819+05:30
539,MSB/CB/B-15,Insurgency in North East India,2025-08-18 01:44:36.819+05:30,2025-08-18 01:44:36.819+05:30
540,MSB/CB/B-16/BOR,Mizoram-Tripura Border Affairs/Manipur Border Affairs,2025-08-18 01:44:36.819+05:30,2025-08-18 01:44:36.819+05:30
541,MSB/CB/B-17/ATTF,All Tripura Tribal Force,2025-08-18 01:44:36.819+05:30,2025-08-18 01:44:36.819+05:30
542,MSB/CB/B-18,Muslim Fundamentalists Organisation in the North East- B-97,2025-08-18 01:44:36.819+05:30,2025-08-18 01:44:36.819+05:30
543,MSB/CB/B-19,Categorisation of Protected Persons in the State of Mizoram and others,2025-08-18 01:44:36.819+05:30,2025-08-18 01:44:36.819+05:30
544,MSB/CB/B-19(A),Security Threat Perception,2025-08-18 01:44:36.819+05:30,2025-08-18 01:44:36.819+05:30
545,MSB/CB/B-20,Working Group on Security,2025-08-18 01:44:36.819+05:30,2025-08-18 01:44:36.819+05:30
546,MSB/CB/B-21/BNU,Bru National Union (BNU),2025-08-18 01:44:36.819+05:30,2025-08-18 01:44:36.819+05:30
547,MSB/CB/B-26/HPC(D),Correspondence on HPC(D) B-114,2025-08-18 01:44:36.819+05:30,2025-08-18 01:44:36.819+05:30
548,MSB/CB/B-26(B),HPC(D)  Lalhmingthanga Sanate faction,2025-08-18 01:44:36.819+05:30,2025-08-18 01:44:36.819+05:30
549,MSB/CB/B-27/MNMR,Mizo-non-mizo Relation,2025-08-18 01:44:36.819+05:30,2025-08-18 01:44:36.819+05:30
550,MSB/CB/B-30/MDA,Mizoram Defense Army,2025-08-18 01:44:36.819+05:30,2025-08-18 01:44:36.819+05:30
551,MSB/CB/B-32/ZVC,Zoram Vengtu Committee,2025-08-18 01:44:36.819+05:30,2025-08-18 01:44:36.819+05:30
552,MSB/CB/B-34/HPC,HPC activities,2025-08-18 01:44:36.819+05:30,2025-08-18 01:44:36.819+05:30
553,MSB/CB/B-35/MNF,MNF Activities,2025-08-18 01:44:36.819+05:30,2025-08-18 01:44:36.819+05:30
554,MSB/CB/B-38/PLO,Pang Liberation Lushai Organisation,2025-08-18 01:44:36.819+05:30,2025-08-18 01:44:36.819+05:30
555,MSB/CB/B-41/ZC,Zoram Chhantu,2025-08-18 01:44:36.819+05:30,2025-08-18 01:44:36.819+05:30
556,MSB/CB/B-47,Scheme for surrender of militant,2025-08-18 01:44:36.819+05:30,2025-08-18 01:44:36.819+05:30
557,MSB/CB/B-49/BOP,Border Out Post,2025-08-18 01:44:36.819+05:30,2025-08-18 01:44:36.819+05:30
558,MSB/CB/B-50/ZRO,Zomi Re-Unification volunteers,2025-08-18 01:44:36.819+05:30,2025-08-18 01:44:36.819+05:30
559,MSB/CB/B-53/ZORO,Zomi Re-Unification Orgaisation/Zo Reunification Organisation,2025-08-18 01:44:36.819+05:30,2025-08-18 01:44:36.819+05:30
560,MSB/CB/B-55/VVIP(Inst),VVIP Instruction File,2025-08-18 01:44:36.819+05:30,2025-08-18 01:44:36.819+05:30
561,MSB/CB/B-56/VVIP,VVIP Central Tour Prog.,2025-08-18 01:44:36.819+05:30,2025-08-18 01:44:36.819+05:30
562,MSB/CB/B-57/SEC,Security File,2025-08-18 01:44:36.819+05:30,2025-08-18 01:44:36.819+05:30
563,MSB/CB/B-58/VIP(M),VIP Mizoram,2025-08-18 01:44:36.819+05:30,2025-08-18 01:44:36.819+05:30
564,MSB/CB/B-58(A),DGP(M) Tour Prog.,2025-08-18 01:44:36.819+05:30,2025-08-18 01:44:36.819+05:30
565,MSB/CB/B-59/Visit,VVIP Visit to Mizoram,2025-08-18 01:44:36.819+05:30,2025-08-18 01:44:36.819+05:30
566,MSB/CB/B-59(A),President visit to Mizoram,2025-08-18 01:44:36.819+05:30,2025-08-18 01:44:36.819+05:30
567,MSB/CB/B-60/D,Deserter,2025-08-18 01:44:36.819+05:30,2025-08-18 01:44:36.819+05:30
568,MSB/CB/B-61/Misc,Miscellaneous,2025-08-18 01:44:36.819+05:30,2025-08-18 01:44:36.819+05:30
569,MSB/CB/B-62,National/States  Crime Record Bureau(NCRB/SCRB),2025-08-18 01:44:36.819+05:30,2025-08-18 01:44:36.819+05:30
570,MSB/CB/B-64,Human Rights,2025-08-18 01:44:36.819+05:30,2025-08-18 01:44:36.819+05:30
571,MSB/CB/B-65/Excise,Excise correspondence,2025-08-18 01:44:36.819+05:30,2025-08-18 01:44:36.819+05:30
572,MSB/CB/B-67/MACM,Mizoram Against Corruption Movement,2025-08-18 01:44:36.819+05:30,2025-08-18 01:44:36.819+05:30
573,MSB/CB/B-68,Religious Activities/ Damage of Worship places etc.,2025-08-18 01:44:36.819+05:30,2025-08-18 01:44:36.819+05:30
574,MSB/CB/B-69/SPL,Special Report correspondence,2025-08-18 01:44:36.819+05:30,2025-08-18 01:44:36.819+05:30
575,MSB/CB/B-70/FC,Fake Currency correspondence(FICN),2025-08-18 01:44:36.819+05:30,2025-08-18 01:44:36.819+05:30
576,MSB/CB/B-71/L&S,Lok Sabha/Rajya Sabha Question,2025-08-18 01:44:36.819+05:30,2025-08-18 01:44:36.819+05:30
577,MSB/CB/B-72/AQ,Assembly Question,2025-08-18 01:44:36.819+05:30,2025-08-18 01:44:36.819+05:30
578,MSB/CB/B-73/MLA,Mizoram Legislative Assembly/ Cabinet Meeting,2025-08-18 01:44:36.819+05:30,2025-08-18 01:44:36.819+05:30
579,MSB/CB/B-74,Chief Secy. Meeting File/Cabinet meeting/ Home Secy.,2025-08-18 01:44:36.819+05:30,2025-08-18 01:44:36.819+05:30
580,MSB/CB/B-74(B),Meeting in DGPs Chamber with head of Unit,2025-08-18 01:44:36.819+05:30,2025-08-18 01:44:36.819+05:30
581,MSB/CB/B-74(C),DGP concern file/circular,2025-08-18 01:44:36.819+05:30,2025-08-18 01:44:36.819+05:30
582,MSB/CB/B-77,Look Out Notice,2025-08-18 01:44:36.819+05:30,2025-08-18 01:44:36.819+05:30
583,MSB/CB/B-77(M),Look Out Notice of Mizoram,2025-08-18 01:44:36.819+05:30,2025-08-18 01:44:36.819+05:30
584,MSB/CB/B-79/Murder,Murder Case,2025-08-18 01:44:36.819+05:30,2025-08-18 01:44:36.819+05:30
585,MSB/CB/B-80/ND,Narcotic Drugs,2025-08-18 01:44:36.819+05:30,2025-08-18 01:44:36.819+05:30
586,MSB/CB/B-81/Misc,Miscellaneous,2025-08-18 01:44:36.819+05:30,2025-08-18 01:44:36.819+05:30
587,MSB/CB/B-82/IR Day,Independence/Republic Day,2025-08-18 01:44:36.819+05:30,2025-08-18 01:44:36.819+05:30
588,MSB/CB/B-84/H.Court,High Court Ruling/ Supreme Court Ruling,2025-08-18 01:44:36.819+05:30,2025-08-18 01:44:36.819+05:30
589,MSB/CB/B-85/Arms,"Arms, Smuggling etc.",2025-08-18 01:44:36.819+05:30,2025-08-18 01:44:36.819+05:30
590,MSB/CB/B-86/BNLF,Bru National Liberation Front,2025-08-18 01:44:36.819+05:30,2025-08-18 01:44:36.819+05:30
591,MSB/CB/B-91/ZRA,ZRA Surrender correspondence,2025-08-18 01:44:36.819+05:30,2025-08-18 01:44:36.819+05:30
592,MSB/CB/B-95/PNC,Paite National Convention/PTC,2025-08-18 01:44:36.819+05:30,2025-08-18 01:44:36.819+05:30
593,MSB/CB/B-99/SRD,Correspondence on Surrender,2025-08-18 01:44:36.819+05:30,2025-08-18 01:44:36.819+05:30
594,MSB/CB/B-100/ZRA(Paite),Zomi Re-Unification Organisation,2025-08-18 01:44:36.819+05:30,2025-08-18 01:44:36.819+05:30
595,MSB/CB/B-101,Private Detective Agency (Regulation) Bill-2007,2025-08-18 01:44:36.819+05:30,2025-08-18 01:44:36.819+05:30
596,MSB/CB/B-104,Zomi Revolutionary Army,2025-08-18 01:44:36.819+05:30,2025-08-18 01:44:36.819+05:30
597,MSB/CB/B-105,Vehicle Hijack,2025-08-18 01:44:36.819+05:30,2025-08-18 01:44:36.819+05:30
598,MSB/CB/B-106,Profile of Criminals,2025-08-18 01:44:36.819+05:30,2025-08-18 01:44:36.819+05:30
599,MSB/CB/B-114,Meeting of HPC(D) Delegates(Peace Talk)- B-24,2025-08-18 01:44:36.819+05:30,2025-08-18 01:44:36.819+05:30
600,MSB/CB/B-122,Surrendered militant councelling,2025-08-18 01:44:36.819+05:30,2025-08-18 01:44:36.819+05:30
601,MSB/CB/B-124,Bru Liberation Front of Mizoram (BLFM),2025-08-18 01:44:36.819+05:30,2025-08-18 01:44:36.819+05:30
602,MSB/CB/B-124(B),BLFM surrender correspondence (Damlohna chungchang),2025-08-18 01:44:36.819+05:30,2025-08-18 01:44:36.819+05:30
603,MSB/CB/B-126,Incident between Hmar and Dimasa,2025-08-18 01:44:36.819+05:30,2025-08-18 01:44:36.819+05:30
604,MSB/CB/B-126(A),Correspondence on missing persons of Mizoram,2025-08-18 01:44:36.819+05:30,2025-08-18 01:44:36.819+05:30
605,MSB/CB/B-129,Mizoram Bru Displaced People Forum (MBDPF),2025-08-18 01:44:36.819+05:30,2025-08-18 01:44:36.819+05:30
606,MSB/CB/B-129(A),Sakhan Displaced  Mizo Welfare,2025-08-18 01:44:36.819+05:30,2025-08-18 01:44:36.819+05:30
607,MSB/CB/B-130,United Democratic Liberation Front of Barak Valley(ULFBV),2025-08-18 01:44:36.819+05:30,2025-08-18 01:44:36.819+05:30
608,MSB/CB/B-131,1) Hynniewtren National Council(HNLC) and 2) Achik National Volunteer Council(ANVC) Garo oufit (U/G of Meghalaya),2025-08-18 01:44:36.819+05:30,2025-08-18 01:44:36.819+05:30
609,MSB/CB/B-132,Zo Lushai Liberation Organisation (ZLLO) ZORAM,2025-08-18 01:44:36.819+05:30,2025-08-18 01:44:36.819+05:30
610,MSB/CB/B-141(A),Correspondence on Arms/Ammns. Srd/Seizes deposited to 1st MAP/DISPOSAL thereof,2025-08-18 01:44:36.819+05:30,2025-08-18 01:44:36.819+05:30
611,MSB/CB/B-143,United Peoples Front (UPF),2025-08-18 01:44:36.819+05:30,2025-08-18 01:44:36.819+05:30
612,MSB/CB/B-144,Intelligence/Inputs received from other agencies/ ISIST,2025-08-18 01:44:36.819+05:30,2025-08-18 01:44:36.819+05:30
613,MSB/CB/B-146,Complaint in connection with village/land used by Ex-BNLF/BLFM,2025-08-18 01:44:36.819+05:30,2025-08-18 01:44:36.819+05:30
614,MSB/CB/B-148,Correspondence on Call Print Out etc.,2025-08-18 01:44:36.819+05:30,2025-08-18 01:44:36.819+05:30
615,MSB/CB/B-148(A),Correspondence on Pornography (C.D),2025-08-18 01:44:36.819+05:30,2025-08-18 01:44:36.819+05:30
616,MSB/CB/B-148(A),Corr. on verification of pre paid mobile roaming subscriber (Closed),2025-08-18 01:44:36.819+05:30,2025-08-18 01:44:36.819+05:30
617,MSB/CB/B-149,Hmar National Assembly/Army (HNA),2025-08-18 01:44:36.819+05:30,2025-08-18 01:44:36.819+05:30
618,MSB/CB/B-153,CIJW School Vairengte Correspondence,2025-08-18 01:44:36.819+05:30,2025-08-18 01:44:36.819+05:30
619,MSB/CB/B-154,Enquiry in c/w threatening call recorded by Pi Rohmingliani w/o Rev. Chanchinmawia,2025-08-18 01:44:36.827+05:30,2025-08-18 01:44:36.827+05:30
620,MSB/CB/B-158,United Democratic Leberation Front/ Army (UDLF),2025-08-18 01:44:36.827+05:30,2025-08-18 01:44:36.827+05:30
621,MSB/CB/B-159(C),Company hrang hrang pawisa peipunna chi file,2025-08-18 01:44:36.827+05:30,2025-08-18 01:44:36.827+05:30
622,MSB/CB/B-163,Kangleipak Communist Party (KCP),2025-08-18 01:44:36.827+05:30,2025-08-18 01:44:36.827+05:30
623,MSB/CB/B-165,United Peoples Party of Kangleipak (UPPK/KPA),2025-08-18 01:44:36.827+05:30,2025-08-18 01:44:36.827+05:30
624,MSB/CB/B-166,Correspondence on Chief Ministers remark,2025-08-18 01:44:36.827+05:30,2025-08-18 01:44:36.827+05:30
625,MSB/CB/B-166(A),Correspondence on Governor Remarks,2025-08-18 01:44:36.827+05:30,2025-08-18 01:44:36.827+05:30
626,MSB/CB/B-167,Bru Revolutionary Army (BRU)/BRA/BRAM,2025-08-18 01:44:36.827+05:30,2025-08-18 01:44:36.827+05:30
627,MSB/CB/B-168,National Investigation Agency (NIA),2025-08-18 01:44:36.827+05:30,2025-08-18 01:44:36.827+05:30
628,MSB/CB/B-169,Indo-Myanmar Border Trade/KMMTTP,2025-08-18 01:44:36.827+05:30,2025-08-18 01:44:36.827+05:30
629,MSB/CB/B-170,IGP/DIG Concern file,2025-08-18 01:44:36.827+05:30,2025-08-18 01:44:36.827+05:30
630,MSB/CB/B-171,Burglaryof Govt.Offices/Bank(Lawngtlai bank robbery SR thenkhat puak tir ani),2025-08-18 01:44:36.827+05:30,2025-08-18 01:44:36.827+05:30
631,MSB/CB/B-172,Borok National Council of Tripura(BNCT),2025-08-18 01:44:36.827+05:30,2025-08-18 01:44:36.827+05:30
632,MSB/CB/B-173,Bru National Development Liberation Front of Mizoram (BNDLFM),2025-08-18 01:44:36.827+05:30,2025-08-18 01:44:36.827+05:30
633,MSB/CB/C-1,Mizoram Civil Service Officer Association(MCSOA)/MDOA,2025-08-18 01:44:36.827+05:30,2025-08-18 01:44:36.827+05:30
634,MSB/CB/C-2,Mizoram Employees & Workers Association (FMGE&W),2025-08-18 01:44:36.827+05:30,2025-08-18 01:44:36.827+05:30
635,MSB/CB/C-3,Mizoram Police Subordination Officers Association (MPSOA)/MPSA/MPCW,2025-08-18 01:44:36.827+05:30,2025-08-18 01:44:36.827+05:30
636,MSB/CB/C-4,Mizoram Ministerial Service Association (MMSA)/ Isolated Post Association,2025-08-18 01:44:36.827+05:30,2025-08-18 01:44:36.827+05:30
637,MSB/CB/C-5,Mizoram Sport Association,2025-08-18 01:44:36.827+05:30,2025-08-18 01:44:36.827+05:30
638,MSB/CB/C-6,Mizoram Subordinate Finance Account Service Association/MTASA/MF&ASA,2025-08-18 01:44:36.827+05:30,2025-08-18 01:44:36.827+05:30
639,MSB/CB/C-8,State Bnak Service/Apex Bank Association (SBSA/AB),2025-08-18 01:44:36.827+05:30,2025-08-18 01:44:36.827+05:30
640,MSB/CB/C-10,Federation of Mizoram Engineer Service Association/MDESA,2025-08-18 01:44:36.827+05:30,2025-08-18 01:44:36.827+05:30
641,MSB/CB/C-11,Mizoram Electric Technical Staff Association (METSA)/META,2025-08-18 01:44:36.827+05:30,2025-08-18 01:44:36.827+05:30
642,MSB/CB/C-12,Mizoram Electric Service Association (MESA)/MEMA/MIMA,2025-08-18 01:44:36.827+05:30,2025-08-18 01:44:36.827+05:30
643,MSB/CB/C-13,Mizoram Group D Association,2025-08-18 01:44:36.827+05:30,2025-08-18 01:44:36.827+05:30
644,MSB/CB/C-14,Mizoram Chamber of Commerce(MCC),2025-08-18 01:44:36.827+05:30,2025-08-18 01:44:36.827+05:30
645,MSB/CB/C-15,Mizoram Trade Union (MTU)/ National Trade Union of Mizoram(NTUM),2025-08-18 01:44:36.827+05:30,2025-08-18 01:44:36.827+05:30
646,MSB/CB/C-15(B),Central Indian Trade Union of Mizoram,2025-08-18 01:44:36.827+05:30,2025-08-18 01:44:36.827+05:30
647,MSB/CB/C-16,Mizoram Govt.Department Officer Association(MGDOA)/MDOA,2025-08-18 01:44:36.827+05:30,2025-08-18 01:44:36.827+05:30
648,MSB/CB/C-17,Mizoram Steno Service Association,2025-08-18 01:44:36.827+05:30,2025-08-18 01:44:36.827+05:30
649,MSB/CB/C-19,Mizoram Transport Workers Association (MTWA),2025-08-18 01:44:36.827+05:30,2025-08-18 01:44:36.827+05:30
650,MSB/CB/C-20,Mizoram Drivers Union/Association,2025-08-18 01:44:36.827+05:30,2025-08-18 01:44:36.827+05:30
651,MSB/CB/C-21,Vehicle Owners Association/APVCJAC(Commercial Vehicle Joint Action com.),2025-08-18 01:44:36.827+05:30,2025-08-18 01:44:36.827+05:30
652,MSB/CB/C-22,Silchar Truck Drivers/Owners Association,2025-08-18 01:44:36.827+05:30,2025-08-18 01:44:36.827+05:30
653,MSB/CB/C-23,BSNL,2025-08-18 01:44:36.827+05:30,2025-08-18 01:44:36.827+05:30
654,MSB/CB/C-24,Food & Civil Supply Deptt.,2025-08-18 01:44:36.827+05:30,2025-08-18 01:44:36.827+05:30
655,MSB/CB/C-25,Industries Deptt.,2025-08-18 01:44:36.827+05:30,2025-08-18 01:44:36.827+05:30
656,MSB/CB/C-26,Agriculture/Horticulture/Fisheries Deptt./ZOPAR(B),2025-08-18 01:44:36.827+05:30,2025-08-18 01:44:36.827+05:30
657,MSB/CB/C-27,Veterinary & Animal Husbandry Deptt.,2025-08-18 01:44:36.827+05:30,2025-08-18 01:44:36.827+05:30
658,MSB/CB/C-28,Environment & Forest Deptt.,2025-08-18 01:44:36.827+05:30,2025-08-18 01:44:36.827+05:30
659,MSB/CB/C-30,Excise Deptt./Taxes Deptt.,2025-08-18 01:44:36.827+05:30,2025-08-18 01:44:36.827+05:30
660,MSB/CB/C-31,Economic & Statistics Deptt.,2025-08-18 01:44:36.827+05:30,2025-08-18 01:44:36.827+05:30
661,MSB/CB/C-33,Mizoram Doctors Association/ Medical & Health,2025-08-18 01:44:36.827+05:30,2025-08-18 01:44:36.827+05:30
662,MSB/CB/C-34,Mizoram Govt. Nurses Service Assn./Trained Nurses Assn.  of India,2025-08-18 01:44:36.827+05:30,2025-08-18 01:44:36.827+05:30
663,MSB/CB/C-35,Mizoram Health Employees Assn./Technical/Mizoram Multipurpose service Assn.,2025-08-18 01:44:36.827+05:30,2025-08-18 01:44:36.827+05:30
664,MSB/CB/C-37,Mizoram Ex-Service League,2025-08-18 01:44:36.827+05:30,2025-08-18 01:44:36.827+05:30
665,MSB/CB/C-38,Mizoram Civil Pensioners Assn./VRSPA,2025-08-18 01:44:36.827+05:30,2025-08-18 01:44:36.827+05:30
666,MSB/CB/C-40,Mizoram Labour/Muster Roll Union/MLA,2025-08-18 01:44:36.827+05:30,2025-08-18 01:44:36.827+05:30
667,MSB/CB/C-42,All Mizoram Graduate Un-Employed Assn./MEWA,2025-08-18 01:44:36.827+05:30,2025-08-18 01:44:36.827+05:30
668,MSB/CB/C-43,MISCELLANEOUS(NGO)/District Implementing Demand Committee,2025-08-18 01:44:36.827+05:30,2025-08-18 01:44:36.827+05:30
669,MSB/CB/C-47,MHIP,2025-08-18 01:44:36.827+05:30,2025-08-18 01:44:36.827+05:30
670,MSB/CB/C-48,Mizoram Board of School Education/STAM (Science & Technology),2025-08-18 01:44:36.827+05:30,2025-08-18 01:44:36.827+05:30
671,MSB/CB/C-50(A),All Mizoram College Teacher Union(Lecturer/Guest Lecturer),2025-08-18 01:44:36.827+05:30,2025-08-18 01:44:36.827+05:30
672,MSB/CB/C-51,All Mizoram College Students Union/Secondary School.,2025-08-18 01:44:36.827+05:30,2025-08-18 01:44:36.827+05:30
673,MSB/CB/C-52,Mizoram High School Teachers Assn./Mizoram School Headmaster Assn.,2025-08-18 01:44:36.827+05:30,2025-08-18 01:44:36.827+05:30
674,MSB/CB/C-53,Mizoram Middle School Teacher Assn.,2025-08-18 01:44:36.827+05:30,2025-08-18 01:44:36.827+05:30
675,MSB/CB/C-54,Mizoram Primary School Teacher Assn.,2025-08-18 01:44:36.827+05:30,2025-08-18 01:44:36.827+05:30
676,MSB/CB/C-55,Mizoram Hindi Teacher Assn./MHSU/RBVS,2025-08-18 01:44:36.827+05:30,2025-08-18 01:44:36.827+05:30
677,MSB/CB/C-56,English Medium School Teachers Assn./MDMSA,2025-08-18 01:44:36.827+05:30,2025-08-18 01:44:36.827+05:30
678,MSB/CB/C-57,Mizoram Students Union(MSU),2025-08-18 01:44:36.827+05:30,2025-08-18 01:44:36.827+05:30
679,MSB/CB/C-58,Mizoram Student Self Support Union/SSU,2025-08-18 01:44:36.827+05:30,2025-08-18 01:44:36.827+05:30
680,MSB/CB/C-59,National Students Union of India(MZ),2025-08-18 01:44:36.827+05:30,2025-08-18 01:44:36.827+05:30
681,MSB/CB/C-61,North East Students Union/ Organisation (NESO),2025-08-18 01:44:36.827+05:30,2025-08-18 01:44:36.827+05:30
682,MSB/CB/C-65,Hmar Students Union,2025-08-18 01:44:36.827+05:30,2025-08-18 01:44:36.827+05:30
683,MSB/CB/C-65(A),Bawm/Pang/HZP,2025-08-18 01:44:36.827+05:30,2025-08-18 01:44:36.827+05:30
684,MSB/CB/C-66,Bru Students convention,2025-08-18 01:44:36.827+05:30,2025-08-18 01:44:36.827+05:30
685,MSB/CB/C-67,Police Correspondence,2025-08-18 01:44:36.827+05:30,2025-08-18 01:44:36.827+05:30
686,MSB/CB/C-69,Mara Students Association/Union/ MTP,2025-08-18 01:44:36.827+05:30,2025-08-18 01:44:36.827+05:30
687,MSB/CB/C-70,Lai Students Association/Union,2025-08-18 01:44:36.827+05:30,2025-08-18 01:44:36.827+05:30
688,MSB/CB/C-72,Paihte Students Union/Association,2025-08-18 01:44:36.827+05:30,2025-08-18 01:44:36.827+05:30
689,MSB/CB/C-75,Natural Calamities,2025-08-18 01:44:36.827+05:30,2025-08-18 01:44:36.827+05:30
690,MSB/CB/C-76,CIRCULAR/ORDER,2025-08-18 01:44:36.827+05:30,2025-08-18 01:44:36.827+05:30
691,MSB/CB/C-77,MISCELANEOUS (Y&S) & NIT,2025-08-18 01:44:36.827+05:30,2025-08-18 01:44:36.827+05:30
692,MSB/CB/C-80,Church activities,2025-08-18 01:44:36.827+05:30,2025-08-18 01:44:36.827+05:30
693,MSB/CB/C-84,Mizoram Youth Convention(A),2025-08-18 01:44:36.827+05:30,2025-08-18 01:44:36.827+05:30
694,MSB/CB/C-86,Zoram Defence Organisation(ZDO),2025-08-18 01:44:36.827+05:30,2025-08-18 01:44:36.827+05:30
695,MSB/CB/C-94,Mizoram Gorkha Affairs,2025-08-18 01:44:36.827+05:30,2025-08-18 01:44:36.827+05:30
696,MSB/CB/C-95,Chakma Affairs,2025-08-18 01:44:36.827+05:30,2025-08-18 01:44:36.827+05:30
697,MSB/CB/C-95(A),List of Head of Families of Cholapansury village without job card,2025-08-18 01:44:36.827+05:30,2025-08-18 01:44:36.827+05:30
698,MSB/CB/C-96,Hmar Affairs/Hmar Welfare Committee,2025-08-18 01:44:36.827+05:30,2025-08-18 01:44:36.827+05:30
699,MSB/CB/C-98,Zampui Area Mizo Convention,2025-08-18 01:44:36.827+05:30,2025-08-18 01:44:36.827+05:30
700,MSB/CB/C-101,Paihte Affairs/PTC/PNC,2025-08-18 01:44:36.827+05:30,2025-08-18 01:44:36.827+05:30
701,MSB/CB/C-103,Zoram Upa Pawl(MUP)/Mizo Trust,2025-08-18 01:44:36.827+05:30,2025-08-18 01:44:36.827+05:30
702,MSB/CB/C-107,Ex-MNA Association/Martyr Family Association,2025-08-18 01:44:36.827+05:30,2025-08-18 01:44:36.827+05:30
703,MSB/CB/C-109,Mizoram Journalist Association(MJA)/ Press Club,2025-08-18 01:44:36.827+05:30,2025-08-18 01:44:36.827+05:30
704,MSB/CB/C-113,MNF Party,2025-08-18 01:44:36.827+05:30,2025-08-18 01:44:36.827+05:30
705,MSB/CB/C-114,Congress Party,2025-08-18 01:44:36.827+05:30,2025-08-18 01:44:36.827+05:30
706,MSB/CB/C-115,MPC,2025-08-18 01:44:36.827+05:30,2025-08-18 01:44:36.827+05:30
707,MSB/CB/C-116,MADC(Mara Autonomous District Council),2025-08-18 01:44:36.827+05:30,2025-08-18 01:44:36.827+05:30
708,MSB/CB/C-117,LADC(Lai Autonomous District Council),2025-08-18 01:44:36.827+05:30,2025-08-18 01:44:36.827+05:30
709,MSB/CB/C-118,CADC(Chakma Autonomous District Council),2025-08-18 01:44:36.827+05:30,2025-08-18 01:44:36.827+05:30
710,MSB/CB/C-119,Mizo Zirlai Pawl(MZP),2025-08-18 01:44:36.827+05:30,2025-08-18 01:44:36.827+05:30
711,MSB/CB/C-120,Y.M.A,2025-08-18 01:44:36.827+05:30,2025-08-18 01:44:36.827+05:30
712,MSB/CB/C-120(B),Kumpuan YMA,2025-08-18 01:44:36.827+05:30,2025-08-18 01:44:36.827+05:30
713,MSB/CB/C-121,MJD(Mizo Janata Dal Party),2025-08-18 01:44:36.827+05:30,2025-08-18 01:44:36.827+05:30
714,MSB/CB/C-122,BJP(Bhartya Janata Party),2025-08-18 01:44:36.827+05:30,2025-08-18 01:44:36.827+05:30
715,MSB/CB/C-122(B),Mizoram BJP Reform Movement,2025-08-18 01:44:36.827+05:30,2025-08-18 01:44:36.827+05:30
716,MSB/CB/C-123,MISC. Law & Order/Police Crime,2025-08-18 01:44:36.827+05:30,2025-08-18 01:44:36.827+05:30
717,MSB/CB/C-126,YLA(Young Lai Association),2025-08-18 01:44:36.827+05:30,2025-08-18 01:44:36.827+05:30
718,MSB/CB/C-129,Zoram Peoples Front,2025-08-18 01:44:36.827+05:30,2025-08-18 01:44:36.827+05:30
719,MSB/CB/C-130,ZNP(Zoram Nationalist Party),2025-08-18 01:44:36.827+05:30,2025-08-18 01:44:36.827+05:30
720,MSB/CB/C-130(B),Zoram Peoples Movement(ZPM),2025-08-18 01:44:36.827+05:30,2025-08-18 01:44:36.827+05:30
721,MSB/CB/C-131,Mizoram Chhantu Pawl,2025-08-18 01:44:36.827+05:30,2025-08-18 01:44:36.827+05:30
722,MSB/CB/C-132,YCA(Young Chakma Association),2025-08-18 01:44:36.827+05:30,2025-08-18 01:44:36.827+05:30
723,MSB/CB/C-133,AMFU(All Mizoram Farmers Union)/NE Farmers Union,2025-08-18 01:44:36.827+05:30,2025-08-18 01:44:36.827+05:30
724,MSB/CB/C-134,Mizo Consumers Union(MCU)/Co-operative Union,2025-08-18 01:44:36.827+05:30,2025-08-18 01:44:36.827+05:30
725,MSB/CB/C-137(B),Mizoram Cultivator & Labour Union (MICLUN),2025-08-18 01:44:36.827+05:30,2025-08-18 01:44:36.827+05:30
726,MSB/CB/C-140,MISCELLANEOUS (L&S),2025-08-18 01:44:36.827+05:30,2025-08-18 01:44:36.827+05:30
727,MSB/CB/C-141,Mizoram Research Association/MRF,2025-08-18 01:44:36.827+05:30,2025-08-18 01:44:36.827+05:30
728,MSB/CB/C-142,Remna Run Chhuak Association/PAMRA,2025-08-18 01:44:36.827+05:30,2025-08-18 01:44:36.827+05:30
729,MSB/CB/C-143,MTP (Mara Thyutlya Py),2025-08-18 01:44:36.827+05:30,2025-08-18 01:44:36.827+05:30
730,MSB/CB/C-144,Mizo Students Joint Action Committee,2025-08-18 01:44:36.827+05:30,2025-08-18 01:44:36.827+05:30
731,MSB/CB/C-149,Falam/Myanmar Union,2025-08-18 01:44:36.827+05:30,2025-08-18 01:44:36.827+05:30
732,MSB/CB/C-150,Mizoram Art & Culture Deptt.,2025-08-18 01:44:36.827+05:30,2025-08-18 01:44:36.827+05:30
733,MSB/CB/C-152,Information & Public Relations/MAL,2025-08-18 01:44:36.827+05:30,2025-08-18 01:44:36.827+05:30
734,MSB/CB/C-154,Federation of NGOs Working in Drugs & Aids Prevention & Care (FONWIDAPAC),2025-08-18 01:44:36.827+05:30,2025-08-18 01:44:36.827+05:30
735,MSB/CB/C-159,Mizoram Thinker Forum(MTF),2025-08-18 01:44:36.827+05:30,2025-08-18 01:44:36.827+05:30
736,MSB/CB/C-161,Chhimbial Chhantu,2025-08-18 01:44:36.827+05:30,2025-08-18 01:44:36.827+05:30
737,MSB/CB/C-163,Mizoram Law Students Federation(MLSF),2025-08-18 01:44:36.827+05:30,2025-08-18 01:44:36.827+05:30
738,MSB/CB/C-166,HPC Hmingchungnunga Faction,2025-08-18 01:44:36.827+05:30,2025-08-18 01:44:36.827+05:30
739,MSB/CB/C-167,HPC Rosiama Faction - B-24,2025-08-18 01:44:36.827+05:30,2025-08-18 01:44:36.827+05:30
740,MSB/CB/C-168,MTSU(Mizoram Technical Service Union),2025-08-18 01:44:36.827+05:30,2025-08-18 01:44:36.827+05:30
741,MSB/CB/C-169,All Mizoram Sectional Assistant Association(AMSAA),2025-08-18 01:44:36.827+05:30,2025-08-18 01:44:36.827+05:30
742,MSB/CB/C-171,Joint Action Committee on Pay/PARDC/JACOPA,2025-08-18 01:44:36.827+05:30,2025-08-18 01:44:36.827+05:30
743,MSB/CB/C-173,Save Mizoram Committee/Zoram Vengtu,2025-08-18 01:44:36.827+05:30,2025-08-18 01:44:36.827+05:30
744,MSB/CB/C-175(B),Mizoram Secondary School Teacher (MISSTA),2025-08-18 01:44:36.827+05:30,2025-08-18 01:44:36.827+05:30
745,MSB/CB/C-177,Fixed Pay Teachers Association,2025-08-18 01:44:36.827+05:30,2025-08-18 01:44:36.827+05:30
746,MSB/CB/C-178,ICDS Circle Officers Association/Mizoram Economic and Statistics Service Assn.,2025-08-18 01:44:36.827+05:30,2025-08-18 01:44:36.827+05:30
747,MSB/CB/C-179,MLA  Election 2003,2025-08-18 01:44:36.827+05:30,2025-08-18 01:44:36.827+05:30
748,MSB/CB/C-180,Pre Service Teachers Welfare Committee Assn. (PRESTA),2025-08-18 01:44:36.827+05:30,2025-08-18 01:44:36.827+05:30
749,MSB/CB/C-184,All India Postal Union,2025-08-18 01:44:36.827+05:30,2025-08-18 01:44:36.827+05:30
750,MSB/CB/C-185,Mizoram Education Inspecting Officers Assn.(MEOSA),2025-08-18 01:44:36.827+05:30,2025-08-18 01:44:36.827+05:30
751,MSB/CB/C-186,Mizoram Govt. Aided High School Teachers Assn.(MIGAHTA),2025-08-18 01:44:36.827+05:30,2025-08-18 01:44:36.827+05:30
752,MSB/CB/C-187,Land Revenue & Settlement,2025-08-18 01:44:36.827+05:30,2025-08-18 01:44:36.827+05:30
753,MSB/CB/C-190,Women Polytechnic,2025-08-18 01:44:36.827+05:30,2025-08-18 01:44:36.827+05:30
754,MSB/CB/C-195,Mizoram State Co-operative Union(MSCU)/Co-operative Deptt. Staff Welfare Organisation(CDSWO),2025-08-18 01:44:36.827+05:30,2025-08-18 01:44:36.827+05:30
755,MSB/CB/C-197,Mizoram Taxi Owner Association,2025-08-18 01:44:36.827+05:30,2025-08-18 01:44:36.827+05:30
756,MSB/CB/C-198,Society of Social Action (SOSA-correspondence),2025-08-18 01:44:36.827+05:30,2025-08-18 01:44:36.827+05:30
757,MSB/CB/C-200,Mizoram Taxi Driver Association/Auto Rickshaw,2025-08-18 01:44:36.827+05:30,2025-08-18 01:44:36.827+05:30
758,MSB/CB/C-200(B),Two Wheeler Taxi,2025-08-18 01:44:36.827+05:30,2025-08-18 01:44:36.827+05:30
759,MSB/CB/C-204,Former Underground Welfare Society,2025-08-18 01:44:36.827+05:30,2025-08-18 01:44:36.827+05:30
760,MSB/CB/C-205,Mizoram BAR Association/MJSA,2025-08-18 01:44:36.827+05:30,2025-08-18 01:44:36.827+05:30
761,MSB/CB/C-206,Chhimphei MZP,2025-08-18 01:44:36.827+05:30,2025-08-18 01:44:36.827+05:30
762,MSB/CB/C-210,Right to Information Act (RTI),2025-08-18 01:44:36.827+05:30,2025-08-18 01:44:36.827+05:30
763,MSB/CB/C-211,Mizoram Peoples Forum(MPF),2025-08-18 01:44:36.827+05:30,2025-08-18 01:44:36.827+05:30
764,MSB/CB/C-212,Demand Committee Saitual,2025-08-18 01:44:36.827+05:30,2025-08-18 01:44:36.827+05:30
765,MSB/CB/C-218,Former Legislator Association of Mizoram(FLAM),2025-08-18 01:44:36.827+05:30,2025-08-18 01:44:36.827+05:30
766,MSB/CB/C-221,PHE Department,2025-08-18 01:44:36.827+05:30,2025-08-18 01:44:36.827+05:30
767,MSB/CB/C-222,Science Teachers Association (STA),2025-08-18 01:44:36.827+05:30,2025-08-18 01:44:36.827+05:30
768,MSB/CB/C-224(B),Mizoram Poor Federation(MIPF),2025-08-18 01:44:36.827+05:30,2025-08-18 01:44:36.827+05:30
769,MSB/CB/C-225,Peoples Right to Information Development Implementing Society of Mizoram (PRISM),2025-08-18 01:44:36.827+05:30,2025-08-18 01:44:36.827+05:30
770,MSB/CB/C-226,Mizoram Secretariat Service Association (MSSA),2025-08-18 01:44:36.827+05:30,2025-08-18 01:44:36.827+05:30
771,MSB/CB/C-229,Illegal Traders,2025-08-18 01:44:36.827+05:30,2025-08-18 01:44:36.827+05:30
772,MSB/CB/C-230,POL Carrying Contractors(POL/LPG/IOCL),2025-08-18 01:44:36.827+05:30,2025-08-18 01:44:36.827+05:30
773,MSB/CB/C-231,District Headquarters Demand Committee,2025-08-18 01:44:36.827+05:30,2025-08-18 01:44:36.827+05:30
774,MSB/CB/C-231(A),Tlabung District Demand,2025-08-18 01:44:36.827+05:30,2025-08-18 01:44:36.827+05:30
775,MSB/CB/C-232,Mizo Youth Service Corps (MYSC),2025-08-18 01:44:36.827+05:30,2025-08-18 01:44:36.827+05:30
776,MSB/CB/C-246,Mizo National Army(MNA),2025-08-18 01:44:36.827+05:30,2025-08-18 01:44:36.827+05:30
777,MSB/CB/C-258,Mizo Thalai Pawl(MTP),2025-08-18 01:44:36.827+05:30,2025-08-18 01:44:36.827+05:30
778,MSB/CB/C-259,Mizo Labour Union,2025-08-18 01:44:36.827+05:30,2025-08-18 01:44:36.827+05:30
779,MSB/CB/C-260,Mipui Tangrual Pawl,2025-08-18 01:44:36.827+05:30,2025-08-18 01:44:36.827+05:30
780,MSB/CB/C-264,Mizoram Underground Returnee Association(MURA),2025-08-18 01:44:36.827+05:30,2025-08-18 01:44:36.827+05:30
781,MSB/CB/C-268,Mizoram New Pension Scheme Subscriber Assn.(MNPSA),2025-08-18 01:44:36.827+05:30,2025-08-18 01:44:36.827+05:30
782,MSB/CB/C-271,Mizoram Bru People Convention,2025-08-18 01:44:36.827+05:30,2025-08-18 01:44:36.827+05:30
783,MSB/CB/C-273,JC Security Guard & Labour Agency,2025-08-18 01:44:36.827+05:30,2025-08-18 01:44:36.827+05:30
784,MSB/CB/C-275,Federation of Govt.School Teacher Association (FMGST)/SSA/SEWC,2025-08-18 01:44:36.827+05:30,2025-08-18 01:44:36.827+05:30
785,MSB/CB/C-278,Mizoram Bru Co-ordination Committee/JAC Against Bru C-90,2025-08-18 01:44:36.827+05:30,2025-08-18 01:44:36.827+05:30
786,MSB/CB/C-279,Mizoram Govt. Drivers Association(MGDA),2025-08-18 01:44:36.827+05:30,2025-08-18 01:44:36.827+05:30
787,MSB/CB/C-280,Aizawl Municipal Steering Committee and Assessment,2025-08-18 01:44:36.827+05:30,2025-08-18 01:44:36.827+05:30
788,MSB/CB/C-283,Vigilance Committee,2025-08-18 01:44:36.827+05:30,2025-08-18 01:44:36.827+05:30
789,MSB/CB/C-285(A),Mizoram Truck Owner/Driver/MTOA/MTDA,2025-08-18 01:44:36.827+05:30,2025-08-18 01:44:36.827+05:30
790,MSB/CB/C-286,Mizoram Higher Technical Service,2025-08-18 01:44:36.827+05:30,2025-08-18 01:44:36.827+05:30
791,MSB/CB/C-290,Mizoram Chemists & Druggists Association,2025-08-18 01:44:36.827+05:30,2025-08-18 01:44:36.827+05:30
792,MSB/CB/C-292,Zoramthar Forum/Zo Indegeneous Forum,2025-08-18 01:44:36.827+05:30,2025-08-18 01:44:36.827+05:30
793,MSB/CB/C-293,Mizoram Iron Scraps Marketing,2025-08-18 01:44:36.827+05:30,2025-08-18 01:44:36.827+05:30
794,MSB/CB/C-294,Mizoram State Commission for women,2025-08-18 01:44:36.827+05:30,2025-08-18 01:44:36.827+05:30
795,MSB/CB/C-295,Ethic Committee of Mizoram,2025-08-18 01:44:36.827+05:30,2025-08-18 01:44:36.827+05:30
796,MSB/CB/C-297,Zoram Decentralization Front/AAP/UDF/TMC/ZRF,2025-08-18 01:44:36.827+05:30,2025-08-18 01:44:36.827+05:30
797,MSB/CB/B-159(A),Govt servant involved into business,2025-08-18 01:44:36.827+05:30,2025-08-18 01:44:36.827+05:30
798,MSB/CB/A-5(A),ROHINGYA,2025-08-18 01:44:36.827+05:30,2025-08-18 01:44:36.827+05:30
799,MSB/CB/A-5(R),MYANMAR REFUGEE,2025-08-18 01:44:36.827+05:30,2025-08-18 01:44:36.827+05:30
800,MSB/CB/B-18(A),TABLIGI JAMATH,2025-08-18 01:44:36.827+05:30,2025-08-18 01:44:36.827+05:30
801,MSB/CB/A-20(A),BOMB BLAST,2025-08-18 01:44:36.827+05:30,2025-08-18 01:44:36.827+05:30
802,MSB/CB/C-121,NATIONAL PEOPLE PARTY,2025-08-18 01:44:36.827+05:30,2025-08-18 01:44:36.827+05:30
803,MSB/CB/B-26(B),HPCD LALHMINGTHANGA SANATE FACTION,2025-08-18 01:44:36.827+05:30,2025-08-18 01:44:36.827+05:30
804,MSB/CB/B-69(A),SPECIAL REPORT OF ALL  DISTRICTS,2025-08-18 01:44:36.827+05:30,2025-08-18 01:44:36.827+05:30
805,MSB/CB/C-51(A),AIZAWL CITY COLLEGE JOINT STUDENT UNION,2025-08-18 01:44:36.827+05:30,2025-08-18 01:44:36.827+05:30
806,MSB/CB/D-68,BUNGTLANG P/S,2025-08-18 01:44:36.827+05:30,2025-08-18 01:44:36.827+05:30
807,MSB/CB/C-297,POLITICAL PARTY MISC,2025-08-18 01:44:36.827+05:30,2025-08-18 01:44:36.827+05:30
808,C-193,LAND DISPUTE,2025-08-18 01:44:36.827+05:30,2025-08-18 01:44:36.827+05:30
809,MSB/CB/B-26,Hmar People Convention,2025-08-18 01:44:36.827+05:30,2025-08-18 01:44:36.827+05:30
810,MSB/CB/B-26,Hmar People Convention (HPC),2025-08-18 01:44:36.827+05:30,2025-08-18 01:44:36.827+05:30
811,MSB/CB/C-106,LC/VC,2025-08-18 01:44:36.827+05:30,2025-08-18 01:44:36.827+05:30
812,C-223,Mizoram Maxi cab Owner Association (MNCOA),2025-08-18 01:44:36.827+05:30,2025-08-18 01:44:36.827+05:30
813,A-3,Sinlung Hills Development Council SHDC,2025-08-18 01:44:36.827+05:30,2025-08-18 01:44:36.827+05:30
814,MSB/CB/A-5(A),Rohingya Muslim,2025-08-18 01:44:36.827+05:30,2025-08-18 01:44:36.827+05:30
815,MSB/CB/D-9(LUNGLEI),LUNGLEI,2025-08-18 01:44:36.827+05:30,2025-08-18 01:44:36.827+05:30
816,MSB/CB/D-61,ZOKHAWTHAR,2025-08-18 01:44:36.827+05:30,2025-08-18 01:44:36.827+05:30
817,MSB/CB/B-18(A),TABLIGHI JAMAAT,2025-08-18 01:44:36.827+05:30,2025-08-18 01:44:36.827+05:30
818,MSB/CB/A-62(B),Mara Peoples Army,2025-08-18 01:44:36.827+05:30,2025-08-18 01:44:36.827+05:30
819,MSB/CB/B-160,INTERROGATION STATEMENT,2025-08-18 01:44:36.832+05:30,2025-08-18 01:44:36.832+05:30
820,MSB/CB/C-202,Chin Welfare Association,2025-08-18 01:44:36.832+05:30,2025-08-18 01:44:36.832+05:30
821,MSB/CB/Covid-19/2020,COVID 19,2025-08-18 01:44:36.832+05:30,2025-08-18 01:44:36.832+05:30
822,MSB/CB/D-2,LENGPUI AIRPORT,2025-08-18 01:44:36.832+05:30,2025-08-18 01:44:36.832+05:30
823,MSB/CB/53,UNION WAR BOOK,2025-08-18 01:44:36.832+05:30,2025-08-18 01:44:36.832+05:30
824,MSB/CB/A-5(A),Rohingya Muslim (Myanmar),2025-08-18 01:44:36.832+05:30,2025-08-18 01:44:36.832+05:30
825,MSB/CB/A-5(R),Refugee Myanmar,2025-08-18 01:44:36.832+05:30,2025-08-18 01:44:36.832+05:30
826,MSB/CB/B-5/NLFT,National LiberationFront of Tripura NLFT,2025-08-18 01:44:36.832+05:30,2025-08-18 01:44:36.832+05:30
827,MSB/CB/B-5/NLFT,National LiberationFront of Tripura NLFT,2025-08-18 01:44:36.832+05:30,2025-08-18 01:44:36.832+05:30
828,MSB/CB/B-14(B) KCNA/KNA,KCNA/KNA Bangladesh,2025-08-18 01:44:36.832+05:30,2025-08-18 01:44:36.832+05:30
829,MSB/CB/A-56,Arakan Army,2025-08-18 01:44:36.832+05:30,2025-08-18 01:44:36.832+05:30
830,MSB/CB/A-56,Arakan Army,2025-08-18 01:44:36.832+05:30,2025-08-18 01:44:36.832+05:30
831,MSB/CB/A-90 (A),Quarterly return,2025-08-18 01:44:36.832+05:30,2025-08-18 01:44:36.832+05:30
832,MSB/CB/SR,Special Report,2025-08-18 01:44:36.832+05:30,2025-08-18 01:44:36.832+05:30
833,MSB/CB/SR,Special Report,2025-08-18 01:44:36.832+05:30,2025-08-18 01:44:36.832+05:30
834,MSB/CB/SR/,Special Report,2025-08-18 01:44:36.832+05:30,2025-08-18 01:44:36.832+05:30
835,A-20,Explosive recoveries / Bomb Explosion,2025-08-18 01:44:36.832+05:30,2025-08-18 01:44:36.832+05:30
836,MSB/CB/A-97(A),Monthly Return on Law & Order,2025-08-18 01:44:36.832+05:30,2025-08-18 01:44:36.832+05:30
837,MSB /CB/C-51 (A),ACCJSU (Aizawl City Collage Joint Student Union),2025-08-18 01:44:36.832+05:30,2025-08-18 01:44:36.832+05:30
838,MSB/CB/C-81,Young Mans Christian Association,2025-08-18 01:44:36.832+05:30,2025-08-18 01:44:36.832+05:30
839,MSB/CB/C-106,Mizoram Upa PAwl (MUP),2025-08-18 01:44:36.832+05:30,2025-08-18 01:44:36.832+05:30
840,MSB/CB/C-115(B),Peoples Conference Party PCP,2025-08-18 01:44:36.832+05:30,2025-08-18 01:44:36.832+05:30
841,MSB/CB/C-216,Mizoram Cement & Iron Rod Dealer Association,2025-08-18 01:44:36.832+05:30,2025-08-18 01:44:36.832+05:30
842,MSB/CB/C-239,Aizawl City Bus Owner Association,2025-08-18 01:44:36.832+05:30,2025-08-18 01:44:36.832+05:30
843,MSB/CB/Covid 2019,Covid 2019,2025-08-18 01:44:36.832+05:30,2025-08-18 01:44:36.832+05:30
844,MSB/CB/D-58,MAP,2025-08-18 01:44:36.832+05:30,2025-08-18 01:44:36.832+05:30
845,MSB/CB/A-16,Regional Security C0-ordination,2025-08-18 01:44:36.832+05:30,2025-08-18 01:44:36.832+05:30
846,MSB/CB/A-118,Bru Repatriation,2025-08-18 01:44:36.832+05:30,2025-08-18 01:44:36.832+05:30
847,MSB/CB/C-298,Write -Up File,2025-08-18 01:44:36.832+05:30,2025-08-18 01:44:36.832+05:30
848,MSB/CB/B-160,Interrogation Statement,2025-08-18 01:44:36.832+05:30,2025-08-18 01:44:36.832+05:30
849,MSB/CB/C-300,Entry/ Exit Point,2025-08-18 01:44:36.832+05:30,2025-08-18 01:44:36.832+05:30
850,MSB/CB-53,Union War Book,2025-08-18 01:44:36.832+05:30,2025-08-18 01:44:36.832+05:30
851,MSB/CB-14(b),KNA (Bangladesh),2025-08-18 01:44:36.832+05:30,2025-08-18 01:44:36.832+05:30
852,MSB/CB/C-303,FIP & PAR,2025-08-18 01:44:36.832+05:30,2025-08-18 01:44:36.832+05:30
853,MSB/CB/B-15,Insurgency in North East India,2025-08-18 01:44:36.832+05:30,2025-08-18 01:44:36.832+05:30
854,MSB/CB/X,Write Up,2025-08-18 01:44:36.832+05:30,2025-08-18 01:44:36.832+05:30
